/*
SQLyog Community v13.1.2 (64 bit)
MySQL - 5.5.24 : Database - srv
*********************************************************************
*/

/*!40101 SET NAMES utf8 */;

/*!40101 SET SQL_MODE=''*/;

/*!40014 SET @OLD_UNIQUE_CHECKS=@@UNIQUE_CHECKS, UNIQUE_CHECKS=0 */;
/*!40014 SET @OLD_FOREIGN_KEY_CHECKS=@@FOREIGN_KEY_CHECKS, FOREIGN_KEY_CHECKS=0 */;
/*!40101 SET @OLD_SQL_MODE=@@SQL_MODE, SQL_MODE='NO_AUTO_VALUE_ON_ZERO' */;
/*!40111 SET @OLD_SQL_NOTES=@@SQL_NOTES, SQL_NOTES=0 */;
CREATE DATABASE /*!32312 IF NOT EXISTS*/`srv` /*!40100 DEFAULT CHARACTER SET utf8 */;

USE `srv`;

/*Table structure for table `continent` */

DROP TABLE IF EXISTS `continent`;

CREATE TABLE `continent` (
  `continent_id` int(11) NOT NULL,
  `code` varchar(255) DEFAULT NULL,
  `name` varchar(255) DEFAULT NULL,
  PRIMARY KEY (`continent_id`)
) ENGINE=InnoDB DEFAULT CHARSET=utf8;

/*Data for the table `continent` */

insert  into `continent`(`continent_id`,`code`,`name`) values 
(1,'AF','Africa'),
(2,'AN','Antarctica'),
(3,'AS','Asia'),
(4,'EU','Europe'),
(5,'NA','North America'),
(6,'OC','Oceania'),
(7,'SA','South America');

/*Table structure for table `country` */

DROP TABLE IF EXISTS `country`;

CREATE TABLE `country` (
  `country_id` int(11) NOT NULL,
  `code` varchar(255) DEFAULT NULL,
  `currency` varchar(255) DEFAULT NULL,
  `name` varchar(255) DEFAULT NULL,
  `native_name` varchar(255) DEFAULT NULL,
  `phone` varchar(255) DEFAULT NULL,
  `continent_id` int(11) DEFAULT NULL,
  PRIMARY KEY (`country_id`),
  KEY `FKpymfsgrl32dy3gtl9r7rykkjg` (`continent_id`),
  CONSTRAINT `FKpymfsgrl32dy3gtl9r7rykkjg` FOREIGN KEY (`continent_id`) REFERENCES `continent` (`continent_id`)
) ENGINE=InnoDB DEFAULT CHARSET=utf8;

/*Data for the table `country` */

insert  into `country`(`country_id`,`code`,`currency`,`name`,`native_name`,`phone`,`continent_id`) values 
(251,'AD','EUR','Andorra','Andorra','376',4),
(252,'AE','AED','United Arab Emirates','دولة الإمارات العربية المتحدة','971',3),
(253,'AF','AFN','Afghanistan','افغانستان','93',3),
(254,'AG','XCD','Antigua and Barbuda','Antigua and Barbuda','1268',5),
(255,'AI','XCD','Anguilla','Anguilla','1264',5),
(256,'AL','ALL','Albania','Shqipëria','355',4),
(257,'AM','AMD','Armenia','Հայաստան','374',3),
(258,'AO','AOA','Angola','Angola','244',1),
(259,'AQ','','Antarctica','Antarctica','672',2),
(260,'AR','ARS','Argentina','Argentina','54',7),
(261,'WS','USD','American Samoa','American Samoa','1684',6),
(262,'AT','EUR','Austria','Österreich','43',4),
(263,'AU','AUD','Australia','Australia','61',6),
(264,'AW','AWG','Aruba','Aruba','297',5),
(265,'AX','EUR','Åland','Åland','358',4),
(266,'AZ','AZN','Azerbaijan','Azərbaycan','994',3),
(267,'BA','BAM','Bosnia and Herzegovina','Bosna i Hercegovina','387',4),
(268,'BB','BBD','Barbados','Barbados','1246',5),
(269,'BD','BDT','Bangladesh','Bangladesh','880',3),
(270,'BE','EUR','Belgium','België','32',4),
(271,'BF','XOF','Burkina Faso','Burkina Faso','226',1),
(272,'BG','BGN','Bulgaria','България','359',4),
(273,'BH','BHD','Bahrain','‏البحرين','973',3),
(274,'BI','BIF','Burundi','Burundi','257',1),
(275,'BJ','XOF','Benin','Bénin','229',1),
(276,'BL','EUR','Saint Barthélemy','Saint-Barthélemy','590',5),
(277,'BM','BMD','Bermuda','Bermuda','1441',5),
(278,'BN','BND','Brunei','Negara Brunei Darussalam','673',3),
(279,'BO','BOB,BOV','Bolivia','Bolivia','591',7),
(280,'BQ','USD','Bonaire','Bonaire','5997',5),
(281,'BR','BRL','Brazil','Brasil','55',7),
(282,'BS','BSD','Bahamas','Bahamas','1242',5),
(283,'BT','BTN,INR','Bhutan','ʼbrug-yul','975',3),
(284,'BV','NOK','Bouvet Island','Bouvetøya','47',2),
(285,'BW','BWP','Botswana','Botswana','267',1),
(286,'BY','BYR','Belarus','Белару́сь','375',4),
(287,'BZ','BZD','Belize','Belize','501',5),
(288,'CA','CAD','Canada','Canada','1',5),
(289,'CC','AUD','Cocos [Keeling] Islands','Cocos (Keeling) Islands','61',3),
(290,'CD','CDF','Democratic Republic of the Congo','République démocratique du Congo','243',1),
(291,'CF','XAF','Central African Republic','Ködörösêse tî Bêafrîka','236',1),
(292,'CG','XAF','Republic of the Congo','République du Congo','242',1),
(293,'CH','CHE,CHF,CHW','Switzerland','Schweiz','41',4),
(294,'CI','XOF','Ivory Coast','Côte d\'Ivoire','225',1),
(295,'CK','NZD','Cook Islands','Cook Islands','682',6),
(296,'CL','CLF,CLP','Chile','Chile','56',7),
(297,'CM','XAF','Cameroon','Cameroon','237',1),
(298,'CN','CNY','China','中国','86',3),
(299,'CO','COP','Colombia','Colombia','57',7),
(300,'CR','CRC','Costa Rica','Costa Rica','506',5),
(301,'CU','CUC,CUP','Cuba','Cuba','53',5),
(302,'CV','CVE','Cape Verde','Cabo Verde','238',1),
(303,'CW','ANG','Curacao','Curaçao','5999',5),
(304,'CX','AUD','Christmas Island','Christmas Island','61',3),
(305,'CY','EUR','Cyprus','Κύπρος','357',4),
(306,'CZ','CZK','Czech Republic','Česká republika','420',4),
(307,'DE','EUR','Germany','Deutschland','49',4),
(308,'DJ','DJF','Djibouti','Djibouti','253',1),
(309,'DK','DKK','Denmark','Danmark','45',4),
(310,'DM','XCD','Dominica','Dominica','1767',5),
(311,'DO','DOP','Dominican Republic','República Dominicana','1809,1829,1849',5),
(312,'DZ','DZD','Algeria','الجزائر','213',1),
(313,'EC','USD','Ecuador','Ecuador','593',7),
(314,'EE','EUR','Estonia','Eesti','372',4),
(315,'EG','EGP','Egypt','مصر‎','20',1),
(316,'EH','MAD,DZD,MRU','Western Sahara','الصحراء الغربية','212',1),
(317,'ER','ERN','Eritrea','ኤርትራ','291',1),
(318,'ES','EUR','Spain','España','34',4),
(319,'ET','ETB','Ethiopia','ኢትዮጵያ','251',1),
(320,'FI','EUR','Finland','Suomi','358',4),
(321,'FJ','FJD','Fiji','Fiji','679',6),
(322,'FK','FKP','Falkland Islands','Falkland Islands','500',7),
(323,'FM','USD','Micronesia','Micronesia','691',6),
(324,'FO','DKK','Faroe Islands','Føroyar','298',4),
(325,'FR','EUR','France','France','33',4),
(326,'GA','XAF','Gabon','Gabon','241',1),
(327,'GB','GBP','United Kingdom','United Kingdom','44',4),
(328,'GD','XCD','Grenada','Grenada','1473',5),
(329,'GE','GEL','Georgia','საქართველო','995',3),
(330,'GF','EUR','French Guiana','Guyane française','594',7),
(331,'GG','GBP','Guernsey','Guernsey','44',4),
(332,'GH','GHS','Ghana','Ghana','233',1),
(333,'GI','GIP','Gibraltar','Gibraltar','350',4),
(334,'GL','DKK','Greenland','Kalaallit Nunaat','299',5),
(335,'GM','GMD','Gambia','Gambia','220',1),
(336,'GN','GNF','Guinea','Guinée','224',1),
(337,'GP','EUR','Guadeloupe','Guadeloupe','590',5),
(338,'GQ','XAF','Equatorial Guinea','Guinea Ecuatorial','240',1),
(339,'GR','EUR','Greece','Ελλάδα','30',4),
(340,'GS','GBP','South Georgia and the South Sandwich Islands','South Georgia','500',2),
(341,'GT','GTQ','Guatemala','Guatemala','502',5),
(342,'GU','USD','Guam','Guam','1671',6),
(343,'GW','XOF','Guinea-Bissau','Guiné-Bissau','245',1),
(344,'GY','GYD','Guyana','Guyana','592',7),
(345,'HK','HKD','Hong Kong','香港','852',3),
(346,'HM','AUD','Heard Island and McDonald Islands','Heard Island and McDonald Islands','61',2),
(347,'HN','HNL','Honduras','Honduras','504',5),
(348,'HR','HRK','Croatia','Hrvatska','385',4),
(349,'HT','HTG,USD','Haiti','Haïti','509',5),
(350,'HU','HUF','Hungary','Magyarország','36',4),
(351,'ID','IDR','Indonesia','Indonesia','62',3),
(352,'IE','EUR','Ireland','Éire','353',4),
(353,'IL','ILS','Israel','יִשְׂרָאֵל','972',3),
(354,'IM','GBP','Isle of Man','Isle of Man','44',4),
(355,'IN','INR','India','भारत','91',3),
(356,'IO','USD','British Indian Ocean Territory','British Indian Ocean Territory','246',3),
(357,'IQ','IQD','Iraq','العراق','964',3),
(358,'IR','IRR','Iran','ایران','98',3),
(359,'IS','ISK','Iceland','Ísland','354',4),
(360,'IT','EUR','Italy','Italia','39',4),
(361,'JE','GBP','Jersey','Jersey','44',4),
(362,'JM','JMD','Jamaica','Jamaica','1876',5),
(363,'JO','JOD','Jordan','الأردن','962',3),
(364,'JP','JPY','Japan','日本','81',3),
(365,'KE','KES','Kenya','Kenya','254',1),
(366,'KG','KGS','Kyrgyzstan','Кыргызстан','996',3),
(367,'KH','KHR','Cambodia','Kâmpŭchéa','855',3),
(368,'KI','AUD','Kiribati','Kiribati','686',6),
(369,'KM','KMF','Comoros','Komori','269',1),
(370,'KN','XCD','Saint Kitts and Nevis','Saint Kitts and Nevis','1869',5),
(371,'KP','KPW','North Korea','북한','850',3),
(372,'KR','KRW','South Korea','대한민국','82',3),
(373,'KW','KWD','Kuwait','الكويت','965',3),
(374,'KY','KYD','Cayman Islands','Cayman Islands','1345',5),
(375,'KZ','KZT','Kazakhstan','Қазақстан','76,77',3),
(376,'LA','LAK','Laos','ສປປລາວ','856',3),
(377,'LB','LBP','Lebanon','لبنان','961',3),
(378,'LC','XCD','Saint Lucia','Saint Lucia','1758',5),
(379,'LI','CHF','Liechtenstein','Liechtenstein','423',4),
(380,'LK','LKR','Sri Lanka','śrī laṃkāva','94',3),
(381,'LR','LRD','Liberia','Liberia','231',1),
(382,'LS','LSL,ZAR','Lesotho','Lesotho','266',1),
(383,'LT','EUR','Lithuania','Lietuva','370',4),
(384,'LU','EUR','Luxembourg','Luxembourg','352',4),
(385,'LV','EUR','Latvia','Latvija','371',4),
(386,'LY','LYD','Libya','‏ليبيا','218',1),
(387,'MA','MAD','Morocco','المغرب','212',1),
(388,'MC','EUR','Monaco','Monaco','377',4),
(389,'MD','MDL','Moldova','Moldova','373',4),
(390,'ME','EUR','Montenegro','Црна Гора','382',4),
(391,'MF','EUR','Saint Martin','Saint-Martin','590',5),
(392,'MG','MGA','Madagascar','Madagasikara','261',1),
(393,'MH','USD','Marshall Islands','M̧ajeļ','692',6),
(394,'MK','MKD','North Macedonia','Северна Македонија','389',4),
(395,'ML','XOF','Mali','Mali','223',1),
(396,'MM','MMK','Myanmar [Burma]','မြန်မာ','95',3),
(397,'MN','MNT','Mongolia','Монгол улс','976',3),
(398,'MO','MOP','Macao','澳門','853',3),
(399,'MP','USD','Northern Mariana Islands','Northern Mariana Islands','1670',6),
(400,'MQ','EUR','Martinique','Martinique','596',5),
(401,'MR','MRU','Mauritania','موريتانيا','222',1),
(402,'MS','XCD','Montserrat','Montserrat','1664',5),
(403,'MT','EUR','Malta','Malta','356',4),
(404,'MU','MUR','Mauritius','Maurice','230',1),
(405,'MV','MVR','Maldives','Maldives','960',3),
(406,'MW','MWK','Malawi','Malawi','265',1),
(407,'MX','MXN','Mexico','México','52',5),
(408,'MY','MYR','Malaysia','Malaysia','60',3),
(409,'MZ','MZN','Mozambique','Moçambique','258',1),
(410,'NA','NAD,ZAR','Namibia','Namibia','264',1),
(411,'NC','XPF','New Caledonia','Nouvelle-Calédonie','687',6),
(412,'NE','XOF','Niger','Niger','227',1),
(413,'NF','AUD','Norfolk Island','Norfolk Island','672',6),
(414,'NG','NGN','Nigeria','Nigeria','234',1),
(415,'NI','NIO','Nicaragua','Nicaragua','505',5),
(416,'NL','EUR','Netherlands','Nederland','31',4),
(417,'NO','NOK','Norway','Norge','47',4),
(418,'NP','NPR','Nepal','नपल','977',3),
(419,'NR','AUD','Nauru','Nauru','674',6),
(420,'NU','NZD','Niue','Niuē','683',6),
(421,'NZ','NZD','New Zealand','New Zealand','64',6),
(422,'OM','OMR','Oman','عمان','968',3),
(423,'PA','PAB,USD','Panama','Panamá','507',5),
(424,'PE','PEN','Peru','Perú','51',7),
(425,'PF','XPF','French Polynesia','Polynésie française','689',6),
(426,'PG','PGK','Papua New Guinea','Papua Niugini','675',6),
(427,'PH','PHP','Philippines','Pilipinas','63',3),
(428,'PK','PKR','Pakistan','Pakistan','92',3),
(429,'PL','PLN','Poland','Polska','48',4),
(430,'PM','EUR','Saint Pierre and Miquelon','Saint-Pierre-et-Miquelon','508',5),
(431,'PN','NZD','Pitcairn Islands','Pitcairn Islands','64',6),
(432,'PR','USD','Puerto Rico','Puerto Rico','1787,1939',5),
(433,'PS','ILS','Palestine','فلسطين','970',3),
(434,'PT','EUR','Portugal','Portugal','351',4),
(435,'PW','USD','Palau','Palau','680',6),
(436,'PY','PYG','Paraguay','Paraguay','595',7),
(437,'QA','QAR','Qatar','قطر','974',3),
(438,'RE','EUR','Réunion','La Réunion','262',1),
(439,'RO','RON','Romania','România','40',4),
(440,'RS','RSD','Serbia','Србија','381',4),
(441,'RU','RUB','Russia','Россия','7',4),
(442,'RW','RWF','Rwanda','Rwanda','250',1),
(443,'SA','SAR','Saudi Arabia','العربية السعودية','966',3),
(444,'SB','SBD','Solomon Islands','Solomon Islands','677',6),
(445,'SC','SCR','Seychelles','Seychelles','248',1),
(446,'SD','SDG','Sudan','السودان','249',1),
(447,'SE','SEK','Sweden','Sverige','46',4),
(448,'SG','SGD','Singapore','Singapore','65',3),
(449,'SH','SHP','Saint Helena','Saint Helena','290',1),
(450,'SI','EUR','Slovenia','Slovenija','386',4),
(451,'SJ','NOK','Svalbard and Jan Mayen','Svalbard og Jan Mayen','4779',4),
(452,'SK','EUR','Slovakia','Slovensko','421',4),
(453,'SL','SLL','Sierra Leone','Sierra Leone','232',1),
(454,'SM','EUR','San Marino','San Marino','378',4),
(455,'SN','XOF','Senegal','Sénégal','221',1),
(456,'SO','SOS','Somalia','Soomaaliya','252',1),
(457,'SR','SRD','Suriname','Suriname','597',7),
(458,'SS','SSP','South Sudan','South Sudan','211',1),
(459,'ST','STN','São Tomé and Príncipe','São Tomé e Príncipe','239',1),
(460,'SV','SVC,USD','El Salvador','El Salvador','503',5),
(461,'SX','ANG','Sint Maarten','Sint Maarten','1721',5),
(462,'SY','SYP','Syria','سوريا','963',3),
(463,'SZ','SZL','Swaziland','Swaziland','268',1),
(464,'TC','USD','Turks and Caicos Islands','Turks and Caicos Islands','1649',5),
(465,'TD','XAF','Chad','Tchad','235',1),
(466,'TF','EUR','French Southern Territories','Territoire des Terres australes et antarctiques fr','262',2),
(467,'TG','XOF','Togo','Togo','228',1),
(468,'TH','THB','Thailand','ประเทศไทย','66',3),
(469,'TJ','TJS','Tajikistan','Тоҷикистон','992',3),
(470,'TK','NZD','Tokelau','Tokelau','690',6),
(471,'TL','USD','East Timor','Timor-Leste','670',6),
(472,'TM','TMT','Turkmenistan','Türkmenistan','993',3),
(473,'TN','TND','Tunisia','تونس','216',1),
(474,'TO','TOP','Tonga','Tonga','676',6),
(475,'TR','TRY','Turkey','Türkiye','90',3),
(476,'TT','TTD','Trinidad and Tobago','Trinidad and Tobago','1868',5),
(477,'TV','AUD','Tuvalu','Tuvalu','688',6),
(478,'TW','TWD','Taiwan','臺灣','886',3),
(479,'TZ','TZS','Tanzania','Tanzania','255',1),
(480,'UA','UAH','Ukraine','Україна','380',4),
(481,'UG','UGX','Uganda','Uganda','256',1),
(482,'UM','USD','U.S. Minor Outlying Islands','United States Minor Outlying Islands','1',6),
(483,'US','USD,USN,USS','United States','United States','1',5),
(484,'UY','UYI,UYU','Uruguay','Uruguay','598',7),
(485,'UZ','UZS','Uzbekistan','O‘zbekiston','998',3),
(486,'VA','EUR','Vatican City','Vaticano','39066,379',4),
(487,'VC','XCD','Saint Vincent and the Grenadines','Saint Vincent and the Grenadines','1784',5),
(488,'VE','VES','Venezuela','Venezuela','58',7),
(489,'VG','USD','British Virgin Islands','British Virgin Islands','1284',5),
(490,'VI','USD','U.S. Virgin Islands','United States Virgin Islands','1340',5),
(491,'VN','VND','Vietnam','Việt Nam','84',3),
(492,'VU','VUV','Vanuatu','Vanuatu','678',6),
(493,'WF','XPF','Wallis and Futuna','Wallis et Futuna','681',6),
(494,'WS','WST','Samoa','Samoa','685',6),
(495,'XK','EUR','Kosovo','Republika e Kosovës','377,381,383,386',4),
(496,'YE','YER','Yemen','اليَمَن','967',3),
(497,'YT','EUR','Mayotte','Mayotte','262',1),
(498,'ZA','ZAR','South Africa','South Africa','27',1),
(499,'ZM','ZMK','Zambia','Zambia','260',1),
(500,'ZW','USD,ZAR,BWP,GBP,AUD,CNY,INR,JPY','Zimbabwe','Zimbabwe','263',1);

/*Table structure for table `country_languages` */

DROP TABLE IF EXISTS `country_languages`;

CREATE TABLE `country_languages` (
  `country_country_id` int(11) NOT NULL,
  `languages_language_id` int(11) NOT NULL,
  KEY `FKfsxhk34ivksgrmxm4mpuld2xr` (`country_country_id`),
  KEY `UK_fiq9g0j8r8pexhl4oh40vtak5` (`languages_language_id`),
  CONSTRAINT `FKfsxhk34ivksgrmxm4mpuld2xr` FOREIGN KEY (`country_country_id`) REFERENCES `country` (`country_id`),
  CONSTRAINT `FKq1yi9l3a53kbfq4l02dnmxq21` FOREIGN KEY (`languages_language_id`) REFERENCES `language` (`language_id`)
) ENGINE=InnoDB DEFAULT CHARSET=utf8;

/*Data for the table `country_languages` */

insert  into `country_languages`(`country_country_id`,`languages_language_id`) values 
(251,11),
(252,3),
(253,78),
(253,109),
(253,102),
(254,19),
(255,19),
(256,92),
(257,38),
(257,83),
(258,79),
(260,20),
(260,31),
(261,19),
(261,89),
(262,15),
(263,19),
(264,70),
(264,76),
(265,96),
(266,5),
(267,10),
(267,35),
(267,93),
(268,19),
(269,9),
(270,70),
(270,28),
(270,15),
(271,28),
(271,24),
(272,7),
(273,3),
(274,28),
(274,81),
(275,28),
(276,28),
(277,19),
(278,63),
(279,20),
(279,4),
(279,80),
(280,70),
(281,79),
(282,19),
(283,17),
(284,72),
(284,56),
(284,71),
(285,19),
(285,103),
(286,6),
(286,83),
(287,19),
(287,20),
(288,19),
(288,28),
(289,19),
(290,28),
(290,53),
(290,44),
(290,97),
(290,56),
(291,28),
(291,85),
(292,28),
(292,53),
(293,15),
(293,28),
(293,41),
(294,28),
(295,19),
(296,20),
(297,19),
(297,28),
(298,113),
(299,20),
(300,20),
(301,20),
(302,79),
(303,70),
(303,76),
(303,19),
(304,19),
(305,18),
(305,105),
(305,38),
(306,13),
(306,87),
(307,15),
(308,28),
(308,3),
(309,14),
(310,19),
(311,20),
(312,3),
(313,20),
(314,21),
(315,3),
(316,20),
(317,101),
(317,3),
(317,19),
(318,20),
(318,22),
(318,11),
(318,30),
(318,75),
(319,2),
(320,25),
(320,96),
(321,19),
(321,26),
(321,34),
(321,108),
(322,19),
(323,19),
(324,27),
(325,28),
(326,28),
(327,19),
(328,19),
(329,43),
(330,28),
(331,19),
(331,28),
(332,19),
(333,19),
(334,46),
(335,19),
(336,28),
(336,24),
(337,28),
(338,20),
(338,28),
(339,18),
(340,19),
(341,20),
(342,19),
(342,12),
(342,20),
(343,79),
(344,19),
(345,113),
(345,19),
(346,19),
(347,20),
(348,35),
(349,28),
(349,36),
(350,37),
(351,39),
(352,29),
(352,19),
(353,33),
(353,3),
(354,19),
(354,32),
(355,34),
(355,19),
(356,19),
(357,3),
(357,49),
(358,23),
(359,40),
(360,41),
(361,19),
(361,28),
(362,19),
(363,3),
(364,42),
(365,19),
(365,97),
(366,50),
(366,83),
(367,47),
(368,19),
(369,3),
(369,28),
(370,19),
(371,48),
(372,48),
(373,3),
(374,19),
(375,45),
(375,83),
(376,54),
(377,3),
(377,28),
(378,19),
(379,15),
(380,86),
(380,98),
(381,19),
(382,19),
(382,95),
(383,55),
(384,28),
(384,15),
(384,52),
(385,57),
(386,3),
(387,3),
(388,28),
(389,82),
(390,93),
(390,10),
(390,92),
(390,35),
(391,19),
(391,28),
(391,70),
(392,28),
(392,58),
(393,19),
(393,59),
(394,61),
(395,28),
(396,65),
(397,62),
(398,113),
(398,79),
(399,19),
(399,12),
(400,28),
(401,3),
(402,19),
(403,64),
(403,19),
(404,19),
(405,16),
(406,19),
(406,74),
(407,20),
(408,63),
(409,79),
(410,19),
(410,1),
(411,28),
(412,28),
(413,19),
(414,19),
(415,20),
(416,70),
(417,72),
(417,56),
(417,71),
(418,69),
(419,19),
(419,66),
(420,19),
(421,19),
(421,60),
(422,3),
(423,20),
(424,20),
(425,28),
(426,19),
(427,19),
(428,19),
(428,108),
(429,77),
(430,28),
(431,19),
(432,20),
(432,19),
(433,3),
(434,79),
(435,19),
(436,20),
(436,31),
(437,3),
(438,28),
(439,82),
(440,93),
(441,83),
(442,84),
(442,19),
(442,28),
(443,3),
(444,19),
(445,28),
(445,19),
(446,3),
(446,19),
(447,96),
(448,19),
(448,63),
(448,98),
(448,113),
(449,19),
(450,88),
(451,72),
(452,87),
(453,19),
(454,41),
(455,28),
(456,91),
(456,3),
(457,70),
(458,19),
(459,79),
(460,20),
(461,70),
(461,19),
(462,3),
(463,19),
(463,94),
(464,19),
(465,28),
(465,3),
(466,28),
(467,28),
(468,100),
(469,99),
(469,83),
(470,19),
(471,79),
(472,102),
(472,83),
(473,3),
(474,19),
(474,104),
(475,105),
(476,19),
(477,19),
(478,113),
(479,97),
(479,19),
(480,107),
(481,19),
(481,97),
(482,19),
(483,19),
(484,20),
(485,109),
(485,83),
(486,41),
(486,51),
(487,19),
(488,20),
(489,19),
(490,19),
(491,111),
(492,8),
(492,19),
(492,28),
(493,28),
(494,89),
(494,19),
(495,92),
(495,93),
(496,3),
(497,28),
(498,1),
(498,19),
(498,73),
(498,95),
(498,94),
(498,103),
(498,106),
(498,110),
(498,112),
(498,114),
(499,19),
(500,19),
(500,90),
(500,68);

/*Table structure for table `language` */

DROP TABLE IF EXISTS `language`;

CREATE TABLE `language` (
  `language_id` int(11) NOT NULL,
  `code` varchar(255) DEFAULT NULL,
  `name` varchar(255) DEFAULT NULL,
  `native_name` varchar(255) DEFAULT NULL,
  PRIMARY KEY (`language_id`)
) ENGINE=InnoDB DEFAULT CHARSET=utf8;

/*Data for the table `language` */

insert  into `language`(`language_id`,`code`,`name`,`native_name`) values 
(1,'af','Afrikaans','Afrikaans'),
(2,'am','Amharic','አማርኛ'),
(3,'ar','Arabic','العربية'),
(4,'ay','Aymara','Aymar'),
(5,'az','Azerbaijani','Azərbaycanca / آذربايجان'),
(6,'be','Belarusian','Беларуская'),
(7,'bg','Bulgarian','Български'),
(8,'bi','Bislama','Bislama'),
(9,'bn','Bengali','বাংলা'),
(10,'bs','Bosnian','Bosanski'),
(11,'ca','Catalan','Català'),
(12,'ch','Chamorro','Chamoru'),
(13,'cs','Czech','Česky'),
(14,'da','Danish','Dansk'),
(15,'de','German','Deutsch'),
(16,'dv','Divehi','ދިވެހިބަސް'),
(17,'dz','Dzongkha','ཇོང་ཁ'),
(18,'el','Greek','Ελληνικά'),
(19,'en','English','English'),
(20,'es','Spanish','Español'),
(21,'et','Estonian','Eesti'),
(22,'eu','Basque','Euskara'),
(23,'fa','Persian','فارسی'),
(24,'ff','Peul','Fulfulde'),
(25,'fi','Finnish','Suomi'),
(26,'fj','Fijian','Na Vosa Vakaviti'),
(27,'fo','Faroese','Føroyskt'),
(28,'fr','French','Français'),
(29,'ga','Irish','Gaeilge'),
(30,'gl','Galician','Galego'),
(31,'gn','Guarani','Avañe\'ẽ'),
(32,'gv','Manx','Gaelg'),
(33,'he','Hebrew','עברית'),
(34,'hi','Hindi','हिन्दी'),
(35,'hr','Croatian','Hrvatski'),
(36,'ht','Haitian','Krèyol ayisyen'),
(37,'hu','Hungarian','Magyar'),
(38,'hy','Armenian','Հայերեն'),
(39,'id','Indonesian','Bahasa Indonesia'),
(40,'is','Icelandic','Íslenska'),
(41,'it','Italian','Italiano'),
(42,'ja','Japanese','日本語'),
(43,'ka','Georgian','ქართული'),
(44,'kg','Kongo','KiKongo'),
(45,'kk','Kazakh','Қазақша'),
(46,'kl','Greenlandic','Kalaallisut'),
(47,'km','Cambodian','ភាសាខ្មែរ'),
(48,'ko','Korean','한국어'),
(49,'ku','Kurdish','Kurdî / كوردی'),
(50,'ky','Kirghiz','Kırgızca / Кыргызча'),
(51,'la','Latin','Latina'),
(52,'lb','Luxembourgish','Lëtzebuergesch'),
(53,'ln','Lingala','Lingála'),
(54,'lo','Laotian','ລາວ / Pha xa lao'),
(55,'lt','Lithuanian','Lietuvių'),
(56,'lu',NULL,NULL),
(57,'lv','Latvian','Latviešu'),
(58,'mg','Malagasy','Malagasy'),
(59,'mh','Marshallese','Kajin Majel / Ebon'),
(60,'mi','Maori','Māori'),
(61,'mk','Macedonian','Македонски'),
(62,'mn','Mongolian','Монгол'),
(63,'ms','Malay','Bahasa Melayu'),
(64,'mt','Maltese','bil-Malti'),
(65,'my','Burmese','မြန်မာစာ'),
(66,'na','Nauruan','Dorerin Naoero'),
(67,'nb',NULL,NULL),
(68,'nd','North Ndebele','Sindebele'),
(69,'ne','Nepali','नेपाली'),
(70,'nl','Dutch','Nederlands'),
(71,'nn','Norwegian Nynorsk','Norsk (nynorsk)'),
(72,'no','Norwegian','Norsk (bokmål / riksmål)'),
(73,'nr','South Ndebele','isiNdebele'),
(74,'ny','Chichewa','Chi-Chewa'),
(75,'oc','Occitan','Occitan'),
(76,'pa','Panjabi / Punjabi','ਪੰਜਾਬੀ / पंजाबी / پنجابي'),
(77,'pl','Polish','Polski'),
(78,'ps','Pashto','پښتو'),
(79,'pt','Portuguese','Português'),
(80,'qu','Quechua','Runa Simi'),
(81,'rn','Kirundi','Kirundi'),
(82,'ro','Romanian','Română'),
(83,'ru','Russian','Русский'),
(84,'rw','Rwandi','Kinyarwandi'),
(85,'sg','Sango','Sängö'),
(86,'si','Sinhalese','සිංහල'),
(87,'sk','Slovak','Slovenčina'),
(88,'sl','Slovenian','Slovenščina'),
(89,'sm','Samoan','Gagana Samoa'),
(90,'sn','Shona','chiShona'),
(91,'so','Somalia','Soomaaliga'),
(92,'sq','Albanian','Shqip'),
(93,'sr','Serbian','Српски'),
(94,'ss','Swati','SiSwati'),
(95,'st','Southern Sotho','Sesotho'),
(96,'sv','Swedish','Svenska'),
(97,'sw','Swahili','Kiswahili'),
(98,'ta','Tamil','தமிழ்'),
(99,'tg','Tajik','Тоҷикӣ'),
(100,'th','Thai','ไทย / Phasa Thai'),
(101,'ti','Tigrinya','ትግርኛ'),
(102,'tk','Turkmen','Туркмен / تركمن'),
(103,'tn','Tswana','Setswana'),
(104,'to','Tonga','Lea Faka-Tonga'),
(105,'tr','Turkish','Türkçe'),
(106,'ts','Tsonga','Xitsonga'),
(107,'uk','Ukrainian','Українська'),
(108,'ur','Urdu','اردو'),
(109,'uz','Uzbek','Ўзбек'),
(110,'ve','Venda','Tshivenḓa'),
(111,'vi','Vietnamese','Tiếng Việt'),
(112,'xh','Xhosa','isiXhosa'),
(113,'zh','Chinese','中文'),
(114,'zu','Zulu','isiZulu');

/*!40101 SET SQL_MODE=@OLD_SQL_MODE */;
/*!40014 SET FOREIGN_KEY_CHECKS=@OLD_FOREIGN_KEY_CHECKS */;
/*!40014 SET UNIQUE_CHECKS=@OLD_UNIQUE_CHECKS */;
/*!40111 SET SQL_NOTES=@OLD_SQL_NOTES */;
